id,name,type,level_of_care,is_inpatient_rehabilitation,average_therapy_hours_per_day,carf_brain_injury,ventilator_weaning,admissions_phone,website,location,address,zip,aliases
kessler-institute-for-rehabilitation|west-orange|nj|07052|inpatient-rehabilitation-hospital|kessler|kessler-institute,Kessler Institute for Rehabilitation|West Orange|NJ|07052|Inpatient Rehabilitation Hospital|kessler|kessler institute,,unknown,True,3,True,{'value': False},,,,,,
mossrehab|elkins-park|pa|19027|inpatient-rehabilitation-hospital|mossrehab|moss,MossRehab|Elkins Park|PA|19027|Inpatient Rehabilitation Hospital|mossrehab|moss,,unknown,True,3,False,{'value': False},,,,,,
nyu-langone-rusk-rehabilitation|new-york|ny|10016|inpatient-rehabilitation-hospital|rusk|nyu-rusk,NYU Langone Rusk Rehabilitation|New York|NY|10016|Inpatient Rehabilitation Hospital|rusk|nyu rusk,,unknown,True,3,False,{'value': False},,,,,,
burke-rehabilitation-hospital|white-plains|ny|10605|inpatient-rehabilitation-hospital|burke|burke-rehab,Burke Rehabilitation Hospital|White Plains|NY|10605|Inpatient Rehabilitation Hospital|burke|burke rehab,,unknown,True,1.5,False,{'value': False},,,,,,
spaulding-rehabilitation-hospital|boston|ma|02114|inpatient-rehabilitation-hospital|spaulding|spaulding-rehab,Spaulding Rehabilitation Hospital|Boston|MA|02114|Inpatient Rehabilitation Hospital|spaulding|spaulding rehab,,unknown,True,1.5,False,{'value': False},,,,,,
jfk-johnson-rehabilitation-institute|edison|nj|08818|inpatient-rehabilitation-hospital|jfk|jfk-johnson,JFK Johnson Rehabilitation Institute|Edison|NJ|08818|Inpatient Rehabilitation Hospital|jfk|jfk johnson,,unknown,True,1.5,False,{'value': False},,,,,,
gaylord-hospital|wallingford|ct|06492|ltach-and-inpatient-rehabilitation|gaylord,Gaylord Hospital|Wallingford|CT|06492|LTACH & Inpatient Rehabilitation|gaylord,,unknown,True,3,True,{'value': False},,,,,,
bryn-mawr-rehab-hospital|malvern|pa|19355|inpatient-rehabilitation-hospital|bryn-mawr,Bryn Mawr Rehab Hospital|Malvern|PA|19355|Inpatient Rehabilitation Hospital|bryn mawr,,unknown,True,1.5,False,{'value': False},,,,,,
helen-hayes-hospital|west-haverstraw|ny|10993|inpatient-rehabilitation-hospital|helen-hayes,Helen Hayes Hospital|West Haverstraw|NY|10993|Inpatient Rehabilitation Hospital|helen hayes,,unknown,True,1.5,False,{'value': False},,,,,,
select-specialty-hospital---saddle-brook|saddle-brook|nj|07663|ltach|select-specialty,Select Specialty Hospital - Saddle Brook|Saddle Brook|NJ|07663|LTACH|select specialty,,unknown,False,1.5,False,{'value': False},,,,,,
shepherd-center|atlanta|ga|30309|inpatient-rehabilitation-hospital|shepherd,Shepherd Center|Atlanta|GA|30309|Inpatient Rehabilitation Hospital|shepherd,,unknown,True,3,True,{'value': False},,,,,,
craig-hospital|englewood|co|80113|inpatient-rehabilitation-hospital|craig,Craig Hospital|Englewood|CO|80113|Inpatient Rehabilitation Hospital|craig,,unknown,True,3,True,{'value': False},,,,,,
tirr-memorial-hermann|houston|tx|77030|inpatient-rehabilitation-hospital|tirr,TIRR Memorial Hermann|Houston|TX|77030|Inpatient Rehabilitation Hospital|tirr,,unknown,True,3,True,{'value': False},,,,,,
shirley-ryan-abilitylab|chicago|il|60611|inpatient-rehabilitation-hospital|shirley-ryan|abilitylab,Shirley Ryan AbilityLab|Chicago|IL|60611|Inpatient Rehabilitation Hospital|shirley ryan|abilitylab,,unknown,True,3,True,{'value': False},,,,,,
ohio-state-dodd-rehabilitation-hospital|columbus|oh|43210|inpatient-rehabilitation-hospital|dodd,Ohio State Dodd Rehabilitation Hospital|Columbus|OH|43210|Inpatient Rehabilitation Hospital|dodd,,unknown,True,1.5,False,{'value': False},,,,,,
mayo-clinic-rochester|rochester|mn|55905|inpatient-rehabilitation-hospital|mayo,Mayo Clinic Rochester|Rochester|MN|55905|Inpatient Rehabilitation Hospital|mayo,,unknown,True,1.5,False,{'value': False},,,,,,
medstar-washington-hospital-center|washington|dc|20010|acute-care-hospital|medstar|medstar-whc,MedStar Washington Hospital Center|Washington|DC|20010|Acute Care Hospital|medstar|medstar whc,,unknown,False,1.5,False,{'value': False},,,,,,
george-washington-university-hospital|washington|dc|20037|academic-medical-center|gwuh|gw,George Washington University Hospital|Washington|DC|20037|Academic Medical Center|gwuh|gw,,unknown,False,1.5,False,{'value': False},,,,,,
childrens-national-medical-center|washington|dc|20010|pediatric-specialty-hospital|childrens-national|cnmc,Children's National Medical Center|Washington|DC|20010|Pediatric Specialty Hospital|childrens national|cnmc,,unknown,False,1.5,False,{'value': False},,,,,,
sibley-memorial-hospital|washington|dc|20016|community-hospital|sibley,Sibley Memorial Hospital|Washington|DC|20016|Community Hospital|sibley,,unknown,False,1.5,False,{'value': False},,,,,,
holy-cross-hospital|silver-spring|md|20910|community-hospital|holy-cross,Holy Cross Hospital|Silver Spring|MD|20910|Community Hospital|holy cross,,unknown,False,1.5,False,{'value': False},,,,,,
inova-fairfax-medical-center|falls-church|va|22042|academic-medical-center|inova-fairfax|inova,Inova Fairfax Medical Center|Falls Church|VA|22042|Academic Medical Center|inova fairfax|inova,,unknown,False,1.5,False,{'value': False},,,,,,
virginia-hospital-center|arlington|va|22207|community-hospital|virginia-hospital,Virginia Hospital Center|Arlington|VA|22207|Community Hospital|virginia hospital,,unknown,False,1.5,False,{'value': False},,,,,,
suburban-hospital|bethesda|md|20814|community-hospital|suburban,Suburban Hospital|Bethesda|MD|20814|Community Hospital|suburban,,unknown,False,1.5,False,{'value': False},,,,,,
johns-hopkins-hospital|baltimore|md|21287|academic-medical-center|johns-hopkins,Johns Hopkins Hospital|Baltimore|MD|21287|Academic Medical Center|johns hopkins,,unknown,False,1.5,False,{'value': False},,,,,,
university-of-maryland-medical-center|baltimore|md|21201|academic-medical-center|umms|university-of-maryland,University of Maryland Medical Center|Baltimore|MD|21201|Academic Medical Center|umms|university of maryland,,unknown,False,1.5,False,{'value': False},,,,,,
kessler-institute-for-rehabilitation---nj|west-orange|nj|07052|inpatient-rehabilitation-hospital|kessler-nj,Kessler Institute for Rehabilitation - NJ|West Orange|NJ|07052|Inpatient Rehabilitation Hospital|kessler nj,,unknown,True,3,True,{'value': False},,,,,,
rusk-rehabilitation|new-york|ny|10016|inpatient-rehabilitation-hospital|rusk-nyu,Rusk Rehabilitation|New York|NY|10016|Inpatient Rehabilitation Hospital|rusk nyu,,unknown,True,3,False,{'value': False},,,,,,
mount-sinai-health-system|new-york|ny|10029|academic-medical-center|mount-sinai,Mount Sinai Health System|New York|NY|10029|Academic Medical Center|mount sinai,,unknown,False,1.5,False,{'value': False},,,,,,
montefiore-medical-center|new-york|ny|10467|academic-medical-center|montefiore,Montefiore Medical Center|New York|NY|10467|Academic Medical Center|montefiore,,unknown,False,1.5,False,{'value': False},,,,,,
nyu-langone-health|new-york|ny|10016|academic-medical-center|nyu,NYU Langone Health|New York|NY|10016|Academic Medical Center|nyu,,unknown,False,1.5,False,{'value': False},,,,,,
massachusetts-general-hospital|boston|ma|02114|academic-medical-center|mass-general,Massachusetts General Hospital|Boston|MA|02114|Academic Medical Center|mass general,,unknown,False,1.5,False,{'value': False},,,,,,
brigham-and-womens-hospital|boston|ma|02115|academic-medical-center|brigham,Brigham and Women's Hospital|Boston|MA|02115|Academic Medical Center|brigham,,unknown,False,1.5,False,{'value': False},,,,,,
penn-medicine-rri|philadelphia|pa|19104|inpatient-rehabilitation-hospital|penn-medicine,Penn Medicine RRI|Philadelphia|PA|19104|Inpatient Rehabilitation Hospital|penn medicine,,unknown,True,1.5,False,{'value': False},,,,,,
drexel-rehabilitation|philadelphia|pa|19102|inpatient-rehabilitation-hospital|drexel-rehab,Drexel Rehabilitation|Philadelphia|PA|19102|Inpatient Rehabilitation Hospital|drexel rehab,,unknown,True,1.5,False,{'value': False},,,,,,
upmc-rehabilitation|allegheny|pa|15213|inpatient-rehabilitation-hospital|upmc,UPMC Rehabilitation|Allegheny|PA|15213|Inpatient Rehabilitation Hospital|upmc,,unknown,True,1.5,False,{'value': False},,,,,,
lehigh-valley-reilly-childrens-hospital|allentown|pa|18103|pediatric-specialty-hospital|lehigh-valley,Lehigh Valley Reilly Children's Hospital|Allentown|PA|18103|Pediatric Specialty Hospital|lehigh valley,,unknown,False,1.5,False,{'value': False},,,,,,
st-josephs-healthcare|paterson|nj|07501|community-hospital|st-joseph,St. Joseph's Healthcare|Paterson|NJ|07501|Community Hospital|st joseph,,unknown,False,1.5,False,{'value': False},,,,,,
hackensack-meridian-university-medical-center|hackensack|nj|07601|academic-medical-center|hackensack,Hackensack Meridian University Medical Center|Hackensack|NJ|07601|Academic Medical Center|hackensack,,unknown,False,1.5,False,{'value': False},,,,,,
rwj-university-hospital|new-brunswick|nj|08901|academic-medical-center|robert-wood-johnson,RWJ University Hospital|New Brunswick|NJ|08901|Academic Medical Center|robert wood johnson,,unknown,False,1.5,False,{'value': False},,,,,,
rutgers-robert-wood-johnson-university-hospital|new-brunswick|nj|08901|academic-medical-center|rwj,Rutgers Robert Wood Johnson University Hospital|New Brunswick|NJ|08901|Academic Medical Center|rwj,,unknown,False,1.5,False,{'value': False},,,,,,
st-marys-rehabilitation-hospital|brooklyn|ny|11201|inpatient-rehabilitation-hospital|st-marys-rehab,St. Mary's Rehabilitation Hospital|Brooklyn|NY|11201|Inpatient Rehabilitation Hospital|st marys rehab,,unknown,True,1.5,False,{'value': False},,,,,,
spaulding-rehabilitation-boston|boston|ma|02114|inpatient-rehabilitation-hospital|spaulding-boston,Spaulding Rehabilitation Boston|Boston|MA|02114|Inpatient Rehabilitation Hospital|spaulding boston,,unknown,True,1.5,False,{'value': False},,,,,,
gaylord-specialty-healthcare|gaylord|ct|06437|ltach-and-inpatient-rehabilitation|gaylord-ct,Gaylord Specialty Healthcare|Gaylord|CT|06437|LTACH & Inpatient Rehabilitation|gaylord ct,,unknown,True,3,True,{'value': False},,,,,,
gaylord-hospital---wallingford|wallingford|ct|06492|ltach-and-inpatient-rehabilitation|gaylord-wallingford,Gaylord Hospital - Wallingford|Wallingford|CT|06492|LTACH & Inpatient Rehabilitation|gaylord wallingford,,unknown,True,3,True,{'value': False},,,,,,
baylor-scott-and-white-medical-center|dallas|tx|75231|academic-medical-center|baylor,Baylor Scott & White Medical Center|Dallas|TX|75231|Academic Medical Center|baylor,,unknown,False,1.5,False,{'value': False},,,,,,
select-specialty-hospital---philadelphia|philadelphia|pa|19144|ltach|select-specialty-philadelphia,Select Specialty Hospital - Philadelphia|Philadelphia|PA|19144|LTACH|select specialty philadelphia,,unknown,False,1.5,False,{'value': False},,,,,,
select-specialty-hospital---pittsburgh|pittsburgh|pa|15212|ltach|select-specialty-pittsburgh,Select Specialty Hospital - Pittsburgh|Pittsburgh|PA|15212|LTACH|select specialty pittsburgh,,unknown,False,1.5,False,{'value': False},,,,,,
select-specialty-hospital---boston|boston|ma|02114|ltach|select-specialty-boston,Select Specialty Hospital - Boston|Boston|MA|02114|LTACH|select specialty boston,,unknown,False,1.5,False,{'value': False},,,,,,
kindred-hospital---philadelphia|philadelphia|pa|19102|ltach|kindred-philadelphia,Kindred Hospital - Philadelphia|Philadelphia|PA|19102|LTACH|kindred philadelphia,,unknown,False,1.5,False,{'value': False},,,,,,
kindred-hospital---reading|reading|pa|19605|ltach|kindred-reading,Kindred Hospital - Reading|Reading|PA|19605|LTACH|kindred reading,,unknown,False,1.5,False,{'value': False},,,,,,
kindred-hospital---mechanicsburg|mechanicsburg|pa|17050|ltach|kindred-mechanicsburg,Kindred Hospital - Mechanicsburg|Mechanicsburg|PA|17050|LTACH|kindred mechanicsburg,,unknown,False,1.5,False,{'value': False},,,,,,
kindred-hospital---harrisburg|harrisburg|pa|17110|ltach|kindred-harrisburg,Kindred Hospital - Harrisburg|Harrisburg|PA|17110|LTACH|kindred harrisburg,,unknown,False,1.5,False,{'value': False},,,,,,
kindred-hospital---pittsburgh|pittsburgh|pa|15219|ltach|kindred-pittsburgh,Kindred Hospital - Pittsburgh|Pittsburgh|PA|15219|LTACH|kindred pittsburgh,,unknown,False,1.5,False,{'value': False},,,,,,
continuacare-at-st-josephs|jersey-city|nj|07305|inpatient-rehabilitation-hospital|continua-st-josephs,ContinuaCare at St Josephs|Jersey City|NJ|07305|Inpatient Rehabilitation Hospital|continua st josephs,,unknown,True,1.5,False,{'value': False},,,,,,
encompass-health-rehabilitation-hospital-of-middletown|middletown|pa|17057|inpatient-rehabilitation-hospital|encompass-middletown,Encompass Health Rehabilitation Hospital of Middletown|Middletown|PA|17057|Inpatient Rehabilitation Hospital|encompass middletown,,unknown,True,3,False,{'value': False},,,,,,
encompass-health-rehabilitation-hospital-of-philadelphia|philadelphia|pa|19131|inpatient-rehabilitation-hospital|encompass-philadelphia,Encompass Health Rehabilitation Hospital of Philadelphia|Philadelphia|PA|19131|Inpatient Rehabilitation Hospital|encompass philadelphia,,unknown,True,3,False,{'value': False},,,,,,
encompass-health-rehabilitation-hospital-of-blue-bell|blue-bell|pa|19422|inpatient-rehabilitation-hospital|encompass-blue-bell,Encompass Health Rehabilitation Hospital of Blue Bell|Blue Bell|PA|19422|Inpatient Rehabilitation Hospital|encompass blue bell,,unknown,True,3,False,{'value': False},,,,,,
encompass-health-rehabilitation-hospital-of-york|york|pa|17402|inpatient-rehabilitation-hospital|encompass-york,Encompass Health Rehabilitation Hospital of York|York|PA|17402|Inpatient Rehabilitation Hospital|encompass york,,unknown,True,3,False,{'value': False},,,,,,
shore-rehabilitation-hospital|somers-point|nj|08244|inpatient-rehabilitation-hospital|shore-rehab,Shore Rehabilitation Hospital|Somers Point|NJ|08244|Inpatient Rehabilitation Hospital|shore rehab,,unknown,True,1.5,False,{'value': False},,,,,,
saint-peters-university-hospital|new-brunswick|nj|08901|academic-medical-center|saint-peters,Saint Peter's University Hospital|New Brunswick|NJ|08901|Academic Medical Center|saint peters,,unknown,False,1.5,False,{'value': False},,,,,,
morristown-medical-center|morristown|nj|07960|academic-medical-center|morristown,Morristown Medical Center|Morristown|NJ|07960|Academic Medical Center|morristown,,unknown,False,1.5,False,{'value': False},,,,,,
robert-wood-johnson-university-hospital-hamilton|hamilton|nj|08690|academic-medical-center|rwj-hamilton,Robert Wood Johnson University Hospital Hamilton|Hamilton|NJ|08690|Academic Medical Center|rwj hamilton,,unknown,False,1.5,False,{'value': False},,,,,,
robert-wood-johnson-university-hospital-somerset|somerset|nj|08873|academic-medical-center|rwj-somerset,Robert Wood Johnson University Hospital Somerset|Somerset|NJ|08873|Academic Medical Center|rwj somerset,,unknown,False,1.5,False,{'value': False},,,,,,
hackensack-university-medical-center|hackensack|nj|07601|academic-medical-center|hackensack-umc,Hackensack University Medical Center|Hackensack|NJ|07601|Academic Medical Center|hackensack umc,,unknown,False,1.5,False,{'value': False},,,,,,
overlook-medical-center|summit|nj|07901|academic-medical-center|overlook,Overlook Medical Center|Summit|NJ|07901|Academic Medical Center|overlook,,unknown,False,1.5,False,{'value': False},,,,,,
cooper-university-health-care|camden|nj|08103|academic-medical-center|cooper,Cooper University Health Care|Camden|NJ|08103|Academic Medical Center|cooper,,unknown,False,1.5,False,{'value': False},,,,,,
inspira-medical-center-vineland|vineland|nj|08360|community-hospital|inspira-vineland,Inspira Medical Center Vineland|Vineland|NJ|08360|Community Hospital|inspira vineland,,unknown,False,1.5,False,{'value': False},,,,,,
trinitas-regional-medical-center|elizabeth|nj|07202|community-hospital|trinitas,Trinitas Regional Medical Center|Elizabeth|NJ|07202|Community Hospital|trinitas,,unknown,False,1.5,False,{'value': False},,,,,,
st-clares-hospital|denville|nj|07834|community-hospital|st-clares,St. Clare's Hospital|Denville|NJ|07834|Community Hospital|st clares,,unknown,False,1.5,False,{'value': False},,,,,,
atlantic-health-system-overlook|summit|nj|07901|academic-medical-center|atlantic-health-overlook,Atlantic Health System Overlook|Summit|NJ|07901|Academic Medical Center|atlantic health overlook,,unknown,False,1.5,False,{'value': False},,,,,,
atlantic-health-system-morristown|morristown|nj|07960|academic-medical-center|atlantic-morristown,Atlantic Health System Morristown|Morristown|NJ|07960|Academic Medical Center|atlantic morristown,,unknown,False,1.5,False,{'value': False},,,,,,
capital-health-regional-medical-center|trenton|nj|08690|community-hospital|capital-health,Capital Health Regional Medical Center|Trenton|NJ|08690|Community Hospital|capital health,,unknown,False,1.5,False,{'value': False},,,,,,
penn-presbyterian-medical-center|philadelphia|pa|19104|academic-medical-center|penn-presbyterian,Penn Presbyterian Medical Center|Philadelphia|PA|19104|Academic Medical Center|penn presbyterian,,unknown,False,1.5,False,{'value': False},,,,,,
lehigh-valley-hospital-cedar-crest|allentown|pa|18104|academic-medical-center|lehigh-valley-cedar,Lehigh Valley Hospital-Cedar Crest|Allentown|PA|18104|Academic Medical Center|lehigh valley cedar,,unknown,False,1.5,False,{'value': False},,,,,,
geisinger-medical-center|danville|pa|17822|academic-medical-center|geisinger,Geisinger Medical Center|Danville|PA|17822|Academic Medical Center|geisinger,,unknown,False,1.5,False,{'value': False},,,,,,
temple-university-hospital|philadelphia|pa|19140|academic-medical-center|temple,Temple University Hospital|Philadelphia|PA|19140|Academic Medical Center|temple,,unknown,False,1.5,False,{'value': False},,,,,,
allegheny-general-hospital|pittsburgh|pa|15212|academic-medical-center|allegheny-general,Allegheny General Hospital|Pittsburgh|PA|15212|Academic Medical Center|allegheny general,,unknown,False,1.5,False,{'value': False},,,,,,
upmc-presbyterian-shadyside|pittsburgh|pa|15213|academic-medical-center|upmc-presbyterian,UPMC Presbyterian Shadyside|Pittsburgh|PA|15213|Academic Medical Center|upmc presbyterian,,unknown,False,1.5,False,{'value': False},,,,,,
mercy-fitzgerald-hospital|darby|pa|19023|community-hospital|mercy-fitzgerald,Mercy Fitzgerald Hospital|Darby|PA|19023|Community Hospital|mercy fitzgerald,,unknown,False,1.5,False,{'value': False},,,,,,
conemaugh-memorial-medical-center|johnstown|pa|15902|community-hospital|conemaugh,Conemaugh Memorial Medical Center|Johnstown|PA|15902|Community Hospital|conemaugh,,unknown,False,1.5,False,{'value': False},,,,,,
samaritan-hospital|troy|ny|12180|community-hospital|samaritan-troy,Samaritan Hospital|Troy|NY|12180|Community Hospital|samaritan troy,,unknown,False,1.5,False,{'value': False},,,,,,
albany-medical-center|albany|ny|12208|academic-medical-center|albany-medical,Albany Medical Center|Albany|NY|12208|Academic Medical Center|albany medical,,unknown,False,1.5,False,{'value': False},,,,,,
stony-brook-university-hospital|stony-brook|ny|11794|academic-medical-center|stony-brook,Stony Brook University Hospital|Stony Brook|NY|11794|Academic Medical Center|stony brook,,unknown,False,1.5,False,{'value': False},,,,,,
westchester-medical-center|valhalla|ny|10595|academic-medical-center|westchester-medical,Westchester Medical Center|Valhalla|NY|10595|Academic Medical Center|westchester medical,,unknown,False,1.5,False,{'value': False},,,,,,
good-samaritan-hospital-of-suffern|suffern|ny|10901|community-hospital|good-samaritan-suffern,Good Samaritan Hospital of Suffern|Suffern|NY|10901|Community Hospital|good samaritan suffern,,unknown,False,1.5,False,{'value': False},,,,,,
st-lukes-cornwall-hospital|newburgh|ny|12550|community-hospital|st-lukes-cornwall,St Luke's Cornwall Hospital|Newburgh|NY|12550|Community Hospital|st lukes cornwall,,unknown,False,1.5,False,{'value': False},,,,,,
mount-sinai-beth-israel|new-york|ny|10003|academic-medical-center|mount-sinai-beth-israel,Mount Sinai Beth Israel|New York|NY|10003|Academic Medical Center|mount sinai beth israel,,unknown,False,1.5,False,{'value': False},,,,,,
ny-presbyterian-columbia-university-medical-center|new-york|ny|10032|academic-medical-center|nyp-columbia,NY Presbyterian Columbia University Medical Center|New York|NY|10032|Academic Medical Center|nyp columbia,,unknown,False,1.5,False,{'value': False},,,,,,
ny-presbyterian-weill-cornell-medical-center|new-york|ny|10065|academic-medical-center|nyp-cornell,NY Presbyterian Weill Cornell Medical Center|New York|NY|10065|Academic Medical Center|nyp cornell,,unknown,False,1.5,False,{'value': False},,,,,,
bellevue-hospital-center|new-york|ny|10016|community-hospital|bellevue,Bellevue Hospital Center|New York|NY|10016|Community Hospital|bellevue,,unknown,False,1.5,False,{'value': False},,,,,,
harlem-hospital-center|new-york|ny|10037|community-hospital|harlem-hospital,Harlem Hospital Center|New York|NY|10037|Community Hospital|harlem hospital,,unknown,False,1.5,False,{'value': False},,,,,,
bronxcare-health-system|bronx|ny|10457|community-hospital|bronxcare,BronxCare Health System|Bronx|NY|10457|Community Hospital|bronxcare,,unknown,False,1.5,False,{'value': False},,,,,,
lincoln-medical-center|bronx|ny|10456|community-hospital|lincoln-medical,Lincoln Medical Center|Bronx|NY|10456|Community Hospital|lincoln medical,,unknown,False,1.5,False,{'value': False},,,,,,
metropolitan-hospital-center|new-york|ny|10029|community-hospital|metropolitan-hospital,Metropolitan Hospital Center|New York|NY|10029|Community Hospital|metropolitan hospital,,unknown,False,1.5,False,{'value': False},,,,,,
queens-hospital-center|queens|ny|11432|community-hospital|queens-hospital,Queens Hospital Center|Queens|NY|11432|Community Hospital|queens hospital,,unknown,False,1.5,False,{'value': False},,,,,,
elmhurst-hospital-center|queens|ny|11373|community-hospital|elmhurst-hospital,Elmhurst Hospital Center|Queens|NY|11373|Community Hospital|elmhurst hospital,,unknown,False,1.5,False,{'value': False},,,,,,
nyc-health-+-hospitals/kings-county-hospital-center|brooklyn|ny|11203|community-hospital|kings-county,NYC Health + Hospitals/Kings County Hospital Center|Brooklyn|NY|11203|Community Hospital|kings county,,unknown,False,1.5,False,{'value': False},,,,,,
brookdale-university-hospital-and-medical-center|brooklyn|ny|11212|community-hospital|brookdale,Brookdale University Hospital and Medical Center|Brooklyn|NY|11212|Community Hospital|brookdale,,unknown,False,1.5,False,{'value': False},,,,,,
maimonides-medical-center|brooklyn|ny|11219|academic-medical-center|maimonides,Maimonides Medical Center|Brooklyn|NY|11219|Academic Medical Center|maimonides,,unknown,False,1.5,False,{'value': False},,,,,,
richmond-university-medical-center|staten-island|ny|10305|community-hospital|richmond-umc,Richmond University Medical Center|Staten Island|NY|10305|Community Hospital|richmond umc,,unknown,False,1.5,False,{'value': False},,,,,,
st-barnabas-hospital|bronx|ny|10457|community-hospital|st-barnabas,St Barnabas Hospital|Bronx|NY|10457|Community Hospital|st barnabas,,unknown,False,1.5,False,{'value': False},,,,,,
nyc-health-+-hospitals/jacobi|bronx|ny|10461|community-hospital|jacobi,NYC Health + Hospitals/Jacobi|Bronx|NY|10461|Community Hospital|jacobi,,unknown,False,1.5,False,{'value': False},,,,,,
bronx-lebanon-hospital-center|bronx|ny|10457|community-hospital|bronx-lebanon,Bronx Lebanon Hospital Center|Bronx|NY|10457|Community Hospital|bronx lebanon,,unknown,False,1.5,False,{'value': False},,,,,,
mount-sinai-south-nassau|oceanside|ny|11572|community-hospital|mount-sinai-south-nassau,Mount Sinai South Nassau|Oceanside|NY|11572|Community Hospital|mount sinai south nassau,,unknown,False,1.5,False,{'value': False},,,,,,
nassau-university-medical-center|east-meadow|ny|11554|academic-medical-center|nassau-umc,Nassau University Medical Center|East Meadow|NY|11554|Academic Medical Center|nassau umc,,unknown,False,1.5,False,{'value': False},,,,,,
stony-brook-southampton-hospital|southampton|ny|11968|community-hospital|southampton-hospital,Stony Brook Southampton Hospital|Southampton|NY|11968|Community Hospital|southampton hospital,,unknown,False,1.5,False,{'value': False},,,,,,
winthrop-university-hospital|mineola|ny|11501|academic-medical-center|winthrop,Winthrop-University Hospital|Mineola|NY|11501|Academic Medical Center|winthrop,,unknown,False,1.5,False,{'value': False},,,,,,
south-nassau-communities-hospital|oceanside|ny|11572|community-hospital|south-nassau,South Nassau Communities Hospital|Oceanside|NY|11572|Community Hospital|south nassau,,unknown,False,1.5,False,{'value': False},,,,,,
st-vincents-medical-center|bridgeport|ct|06606|community-hospital|st-vincents-bridgeport,St Vincent's Medical Center|Bridgeport|CT|06606|Community Hospital|st vincents bridgeport,,unknown,False,1.5,False,{'value': False},,,,,,
yale-new-haven-hospital|new-haven|ct|06511|academic-medical-center|yale,Yale New Haven Hospital|New Haven|CT|06511|Academic Medical Center|yale,,unknown,False,1.5,False,{'value': False},,,,,,
mount-sinai-health-system---stamford|stamford|ct|06901|academic-medical-center|mount-sinai-stamford,Mount Sinai Health System - Stamford|Stamford|CT|06901|Academic Medical Center|mount sinai stamford,,unknown,False,1.5,False,{'value': False},,,,,,
hartford-hospital|hartford|ct|06106|academic-medical-center|hartford-hospital,Hartford Hospital|Hartford|CT|06106|Academic Medical Center|hartford hospital,,unknown,False,1.5,False,{'value': False},,,,,,
st-francis-hospital-and-medical-center|hartford|ct|06105|community-hospital|st-francis-hartford,St Francis Hospital and Medical Center|Hartford|CT|06105|Community Hospital|st francis hartford,,unknown,False,1.5,False,{'value': False},,,,,,
norwalk-hospital|norwalk|ct|06851|community-hospital|norwalk-hospital,Norwalk Hospital|Norwalk|CT|06851|Community Hospital|norwalk hospital,,unknown,False,1.5,False,{'value': False},,,,,,
bridgeport-hospital|bridgeport|ct|06604|academic-medical-center|bridgeport-hospital,Bridgeport Hospital|Bridgeport|CT|06604|Academic Medical Center|bridgeport hospital,,unknown,False,1.5,False,{'value': False},,,,,,
newyork-presbyterian-hudson-valley-hospital|cortlandt-manor|ny|10567|community-hospital|hudson-valley,NewYork-Presbyterian Hudson Valley Hospital|Cortlandt Manor|NY|10567|Community Hospital|hudson valley,,unknown,False,1.5,False,{'value': False},,,,,,
monmouth-medical-center|long-branch|nj|07740|academic-medical-center|monmouth-medical,Monmouth Medical Center|Long Branch|NJ|07740|Academic Medical Center|monmouth medical,,unknown,False,1.5,False,{'value': False},,,,,,
jersey-shore-university-medical-center|neptune|nj|07753|academic-medical-center|jersey-shore,Jersey Shore University Medical Center|Neptune|NJ|07753|Academic Medical Center|jersey shore,,unknown,False,1.5,False,{'value': False},,,,,,
hackensack-meridian-jersey-shore-university-medical-center|neptune|nj|07753|academic-medical-center|jersey-shore-hackensack,Hackensack Meridian Jersey Shore University Medical Center|Neptune|NJ|07753|Academic Medical Center|jersey shore hackensack,,unknown,False,1.5,False,{'value': False},,,,,,
cooper-university-hospital|camden|nj|08103|academic-medical-center|cooper-hospital,Cooper University Hospital|Camden|NJ|08103|Academic Medical Center|cooper hospital,,unknown,False,1.5,False,{'value': False},,,,,,
robert-wood-johnson-university-hospital-new-brunswick|new-brunswick|nj|08901|academic-medical-center|rwj-newbrunswick,Robert Wood Johnson University Hospital New Brunswick|New Brunswick|NJ|08901|Academic Medical Center|rwj newbrunswick,,unknown,False,1.5,False,{'value': False},,,,,,
bayhealth-kent-campus|dover|de|19901|community-hospital|bayhealth,Bayhealth Kent Campus|Dover|DE|19901|Community Hospital|bayhealth,,unknown,False,1.5,False,{'value': False},,,,,,
bayhealth-sussex-campus|milford|de|19963|community-hospital|bayhealth-sussex,Bayhealth Sussex Campus|Milford|DE|19963|Community Hospital|bayhealth sussex,,unknown,False,1.5,False,{'value': False},,,,,,
nemours-alfred-i-dupont-hospital-for-children|wilmington|de|19803|pediatric-specialty-hospital|nemours-dupont,Nemours Alfred I duPont Hospital for Children|Wilmington|DE|19803|Pediatric Specialty Hospital|nemours dupont,,unknown,False,1.5,False,{'value': False},,,,,,
christianacare-wilmington-hospital|wilmington|de|19801|academic-medical-center|christianacare-wilmington,ChristianaCare Wilmington Hospital|Wilmington|DE|19801|Academic Medical Center|christianacare wilmington,,unknown,False,1.5,False,{'value': False},,,,,,
st-francis-hospital|wilmington|de|19801|community-hospital|st-francis-wilmington,St. Francis Hospital|Wilmington|DE|19801|Community Hospital|st francis wilmington,,unknown,False,1.5,False,{'value': False},,,,,,
beebe-healthcare|lewes|de|19958|community-hospital|beebe,Beebe Healthcare|Lewes|DE|19958|Community Hospital|beebe,,unknown,False,1.5,False,{'value': False},,,,,,
bolingen-regional-medical-center|unknown|pa|00000|community-hospital|bolingen,Bolingen Regional Medical Center|Unknown|PA|00000|Community Hospital|bolingen,,unknown,False,1.5,False,{'value': False},,,,,,
northern-westchester-hospital|mount-kisco|ny|10549|community-hospital|nwh,Northern Westchester Hospital|Mount Kisco|NY|10549|Community Hospital|nwh,,unknown,False,1.5,False,{'value': False},,,,,,
saint-mary-hospital|rochester|ny|14621|community-hospital|saint-mary-rochester,Saint Mary Hospital|Rochester|NY|14621|Community Hospital|saint mary rochester,,unknown,False,1.5,False,{'value': False},,,,,,
frostburg-medical-center|frostburg|md|21532|community-hospital|frostburg-medical,Frostburg Medical Center|Frostburg|MD|21532|Community Hospital|frostburg medical,,unknown,False,1.5,False,{'value': False},,,,,,
shady-grove-adventist-hospital|rockville|md|20850|community-hospital|shady-grove,Shady Grove Adventist Hospital|Rockville|MD|20850|Community Hospital|shady grove,,unknown,False,1.5,False,{'value': False},,,,,,
medstar-georgetown-university-hospital|washington|dc|20007|academic-medical-center|georgetown|medstar-georgetown,MedStar Georgetown University Hospital|Washington|DC|20007|Academic Medical Center|georgetown|medstar georgetown,,unknown,False,1.5,False,{'value': False},,,,,,
medstar-national-rehabilitation-network|washington|dc|20007|inpatient-rehabilitation-hospital|medstar-national-rehab,MedStar National Rehabilitation Network|Washington|DC|20007|Inpatient Rehabilitation Hospital|medstar national rehab,,unknown,True,3,False,{'value': False},,,,,,
medstar-good-samaritan-hospital|baltimore|md|21215|community-hospital|medstar-good-samaritan,MedStar Good Samaritan Hospital|Baltimore|MD|21215|Community Hospital|medstar good samaritan,,unknown,False,1.5,False,{'value': False},,,,,,
sarasota-memorial-hospital|sarasota|fl|34236|academic-medical-center|sarasota-memorial,Sarasota Memorial Hospital|Sarasota|FL|34236|Academic Medical Center|sarasota memorial,,unknown,False,1.5,False,{'value': False},,,,,,
tampa-general-hospital|tampa|fl|33606|academic-medical-center|tampa-general,Tampa General Hospital|Tampa|FL|33606|Academic Medical Center|tampa general,,unknown,False,1.5,False,{'value': False},,,,,,
baycare-health-system|multiple|fl|00000|health-system|baycare,BayCare Health System|Multiple|FL|00000|Health System|baycare,,unknown,False,1.5,False,{'value': False},,,,,,
jackson-memorial-hospital|miami|fl|33136|academic-medical-center|jackson-memorial,Jackson Memorial Hospital|Miami|FL|33136|Academic Medical Center|jackson memorial,,unknown,False,1.5,False,{'value': False},,,,,,
mount-sinai-medical-center|miami-beach|fl|33140|academic-medical-center|mount-sinai-miami,Mount Sinai Medical Center|Miami Beach|FL|33140|Academic Medical Center|mount sinai miami,,unknown,False,1.5,False,{'value': False},,,,,,
baptist-hospital-of-miami|miami|fl|33131|academic-medical-center|baptist-miami,Baptist Hospital of Miami|Miami|FL|33131|Academic Medical Center|baptist miami,,unknown,False,1.5,False,{'value': False},,,,,,
adventhealth-orlando|orlando|fl|32803|academic-medical-center|adventhealth-orlando,AdventHealth Orlando|Orlando|FL|32803|Academic Medical Center|adventhealth orlando,,unknown,False,1.5,False,{'value': False},,,,,,
orlando-health|orlando|fl|32803|academic-medical-center|orlando-health,Orlando Health|Orlando|FL|32803|Academic Medical Center|orlando health,,unknown,False,1.5,False,{'value': False},,,,,,
uf-health-shands-hospital|gainesville|fl|32610|academic-medical-center|uf-health-shands,UF Health Shands Hospital|Gainesville|FL|32610|Academic Medical Center|uf health shands,,unknown,False,1.5,False,{'value': False},,,,,,
moffitt-cancer-center|tampa|fl|33612|specialty-hospital|moffitt,Moffitt Cancer Center|Tampa|FL|33612|Specialty Hospital|moffitt,,unknown,False,1.5,False,{'value': False},,,,,,
st-josephs-hospital|tampa|fl|33607|community-hospital|st-josephs-tampa,St. Joseph's Hospital|Tampa|FL|33607|Community Hospital|st josephs tampa,,unknown,False,1.5,False,{'value': False},,,,,,
morton-plant-hospital|clearwater|fl|33756|community-hospital|morton-plant,Morton Plant Hospital|Clearwater|FL|33756|Community Hospital|morton plant,,unknown,False,1.5,False,{'value': False},,,,,,
johns-hopkins-bayview-medical-center|baltimore|md|21224|academic-medical-center|bayview,Johns Hopkins Bayview Medical Center|Baltimore|MD|21224|Academic Medical Center|bayview,,unknown,False,1.5,False,{'value': False},,,,,,
franklin-square-hospital-center|baltimore|md|21237|community-hospital|franklin-square,Franklin Square Hospital Center|Baltimore|MD|21237|Community Hospital|franklin square,,unknown,False,1.5,False,{'value': False},,,,,,
saint-agnes-hospital|baltimore|md|21201|community-hospital|saint-agnes,Saint Agnes Hospital|Baltimore|MD|21201|Community Hospital|saint agnes,,unknown,False,1.5,False,{'value': False},,,,,,
mercy-medical-center|baltimore|md|21201|community-hospital|mercy-baltimore,Mercy Medical Center|Baltimore|MD|21201|Community Hospital|mercy baltimore,,unknown,False,1.5,False,{'value': False},,,,,,
university-of-maryland-st-joseph-medical-center|towson|md|21204|community-hospital|st-joseph-towson,University of Maryland St Joseph Medical Center|Towson|MD|21204|Community Hospital|st joseph towson,,unknown,False,1.5,False,{'value': False},,,,,,
wellspan-york-hospital|york|pa|17403|community-hospital|wellspan-york,WellSpan York Hospital|York|PA|17403|Community Hospital|wellspan york,,unknown,False,1.5,False,{'value': False},,,,,,
penn-state-health-milton-s-hershey-medical-center|hershey|pa|17033|academic-medical-center|hershey,Penn State Health Milton S Hershey Medical Center|Hershey|PA|17033|Academic Medical Center|hershey,,unknown,False,1.5,False,{'value': False},,,,,,
west-penn-hospital|pittsburgh|pa|15219|community-hospital|west-penn,West Penn Hospital|Pittsburgh|PA|15219|Community Hospital|west penn,,unknown,False,1.5,False,{'value': False},,,,,,
saint-vincent-hospital|worcester|ma|01605|community-hospital|saint-vincent-worcester,Saint Vincent Hospital|Worcester|MA|01605|Community Hospital|saint vincent worcester,,unknown,False,1.5,False,{'value': False},,,,,,
umass-memorial-medical-center|worcester|ma|01605|academic-medical-center|umass-memorial,UMass Memorial Medical Center|Worcester|MA|01605|Academic Medical Center|umass memorial,,unknown,False,1.5,False,{'value': False},,,,,,
baystate-medical-center|springfield|ma|01199|academic-medical-center|baystate,Baystate Medical Center|Springfield|MA|01199|Academic Medical Center|baystate,,unknown,False,1.5,False,{'value': False},,,,,,
cooley-dickinson-hospital|northampton|ma|01060|community-hospital|cooley-dickinson,Cooley Dickinson Hospital|Northampton|MA|01060|Community Hospital|cooley dickinson,,unknown,False,1.5,False,{'value': False},,,,,,
brattleboro-memorial-hospital|brattleboro|vt|05301|community-hospital|brattleboro,Brattleboro Memorial Hospital|Brattleboro|VT|05301|Community Hospital|brattleboro,,unknown,False,1.5,False,{'value': False},,,,,,
dartmouth-hitchcock-medical-center|lebanon|nh|03756|academic-medical-center|dartmouth-hitchcock,Dartmouth Hitchcock Medical Center|Lebanon|NH|03756|Academic Medical Center|dartmouth hitchcock,,unknown,False,1.5,False,{'value': False},,,,,,
elliot-hospital|manchester|nh|03103|community-hospital|elliot-hospital,Elliot Hospital|Manchester|NH|03103|Community Hospital|elliot hospital,,unknown,False,1.5,False,{'value': False},,,,,,
maine-medical-center|portland|me|04102|academic-medical-center|maine-medical,Maine Medical Center|Portland|ME|04102|Academic Medical Center|maine medical,,unknown,False,1.5,False,{'value': False},,,,,,
eastern-maine-medical-center|bangor|me|04401|community-hospital|eastern-maine,Eastern Maine Medical Center|Bangor|ME|04401|Community Hospital|eastern maine,,unknown,False,1.5,False,{'value': False},,,,,,
st-joseph-mercy-ann-arbor|ann-arbor|mi|48103|academic-medical-center|st-joseph-ann-arbor,St Joseph Mercy Ann Arbor|Ann Arbor|MI|48103|Academic Medical Center|st joseph ann arbor,,unknown,False,1.5,False,{'value': False},,,,,,
henry-ford-hospital|detroit|mi|48202|academic-medical-center|henry-ford,Henry Ford Hospital|Detroit|MI|48202|Academic Medical Center|henry ford,,unknown,False,1.5,False,{'value': False},,,,,,
spectrum-health-butterworth-hospital|grand-rapids|mi|49503|academic-medical-center|spectrum-butterworth,Spectrum Health Butterworth Hospital|Grand Rapids|MI|49503|Academic Medical Center|spectrum butterworth,,unknown,False,1.5,False,{'value': False},,,,,,
bronson-methodist-hospital|kalamazoo|mi|49007|academic-medical-center|bronson-methodist,Bronson Methodist Hospital|Kalamazoo|MI|49007|Academic Medical Center|bronson methodist,,unknown,False,1.5,False,{'value': False},,,,,,
corewell-health-university-of-michigan-health|ann-arbor|mi|48109|academic-medical-center|umich-health,Corewell Health University of Michigan Health|Ann Arbor|MI|48109|Academic Medical Center|umich health,,unknown,False,1.5,False,{'value': False},,,,,,
beaumont-hospital-royal-oak|royal-oak|mi|48073|academic-medical-center|beaumont-royal-oak,Beaumont Hospital Royal Oak|Royal Oak|MI|48073|Academic Medical Center|beaumont royal oak,,unknown,False,1.5,False,{'value': False},,,,,,
st-john-hospital-and-medical-center|detroit|mi|48201|community-hospital|st-john-detroit,St John Hospital and Medical Center|Detroit|MI|48201|Community Hospital|st john detroit,,unknown,False,1.5,False,{'value': False},,,,,,
froedtert-hospital|milwaukee|wi|53226|academic-medical-center|froedtert,Froedtert Hospital|Milwaukee|WI|53226|Academic Medical Center|froedtert,,unknown,False,1.5,False,{'value': False},,,,,,
froedtert-menomonee-falls|menomonee-falls|wi|53051|community-hospital|menomonee-falls,Froedtert Menomonee Falls|Menomonee Falls|WI|53051|Community Hospital|menomonee falls,,unknown,False,1.5,False,{'value': False},,,,,,
aurora-sinai-medical-center|milwaukee|wi|53226|academic-medical-center|aurora-sinai,Aurora Sinai Medical Center|Milwaukee|WI|53226|Academic Medical Center|aurora sinai,,unknown,False,1.5,False,{'value': False},,,,,,
uw-health-university-hospital|madison|wi|53792|academic-medical-center|uw-health,UW Health University Hospital|Madison|WI|53792|Academic Medical Center|uw health,,unknown,False,1.5,False,{'value': False},,,,,,
samaritan-medical-center|watertown|ny|13601|community-hospital|samaritan-watertown,Samaritan Medical Center|Watertown|NY|13601|Community Hospital|samaritan watertown,,unknown,False,1.5,False,{'value': False},,,,,,
crouse-hospital|syracuse|ny|13203|academic-medical-center|crouse-hospital,Crouse Hospital|Syracuse|NY|13203|Academic Medical Center|crouse hospital,,unknown,False,1.5,False,{'value': False},,,,,,
strong-memorial-hospital|rochester|ny|14642|academic-medical-center|strong-memorial,Strong Memorial Hospital|Rochester|NY|14642|Academic Medical Center|strong memorial,,unknown,False,1.5,False,{'value': False},,,,,,
rochester-general-hospital|rochester|ny|14621|community-hospital|rochester-general,Rochester General Hospital|Rochester|NY|14621|Community Hospital|rochester general,,unknown,False,1.5,False,{'value': False},,,,,,
st-peters-health-partners|albany|ny|12208|health-system|st-peters-health-partners,St. Peter's Health Partners|Albany|NY|12208|Health System|st peters health partners,,unknown,False,1.5,False,{'value': False},,,,,,
albany-med-health-system|albany|ny|12208|health-system|albany-med,Albany Med Health System|Albany|NY|12208|Health System|albany med,,unknown,False,1.5,False,{'value': False},,,,,,
university-hospital|cleveland|oh|44106|academic-medical-center|university-hospital-cleveland,University Hospital|Cleveland|OH|44106|Academic Medical Center|university hospital cleveland,,unknown,False,1.5,False,{'value': False},,,,,,
cleveland-clinic-main-campus|cleveland|oh|44195|academic-medical-center|cleveland-clinic,Cleveland Clinic Main Campus|Cleveland|OH|44195|Academic Medical Center|cleveland clinic,,unknown,False,1.5,False,{'value': False},,,,,,
metrohealth-medical-center|cleveland|oh|44106|community-hospital|metrohealth,MetroHealth Medical Center|Cleveland|OH|44106|Community Hospital|metrohealth,,unknown,False,1.5,False,{'value': False},,,,,,
louis-stokes-cleveland-va-medical-center|cleveland|oh|44106|va-hospital|louis-stokes-va,Louis Stokes Cleveland VA Medical Center|Cleveland|OH|44106|VA Hospital|louis stokes va,,unknown,False,1.5,False,{'value': False},,,,,,
university-hospitals-parma-medical-center|parma|oh|44129|community-hospital|uhparma,University Hospitals Parma Medical Center|Parma|OH|44129|Community Hospital|uhparma,,unknown,False,1.5,False,{'value': False},,,,,,
miami-valley-hospital|dayton|oh|45429|academic-medical-center|miami-valley,Miami Valley Hospital|Dayton|OH|45429|Academic Medical Center|miami valley,,unknown,False,1.5,False,{'value': False},,,,,,
the-toledo-hospital|toledo|oh|43614|community-hospital|toledo-hospital,The Toledo Hospital|Toledo|OH|43614|Community Hospital|toledo hospital,,unknown,False,1.5,False,{'value': False},,,,,,
akron-general-medical-center|akron|oh|44307|community-hospital|akron-general,Akron General Medical Center|Akron|OH|44307|Community Hospital|akron general,,unknown,False,1.5,False,{'value': False},,,,,,
summa-health-system|akron|oh|44307|health-system|summa,Summa Health System|Akron|OH|44307|Health System|summa,,unknown,False,1.5,False,{'value': False},,,,,,
st-vincent-charity-medical-center|cleveland|oh|44103|community-hospital|st-vincent-charity,St. Vincent Charity Medical Center|Cleveland|OH|44103|Community Hospital|st vincent charity,,unknown,False,1.5,False,{'value': False},,,,,,
christ-hospital|oaklawn|ri|02877|community-hospital|christ-hospital-ri,Christ Hospital|Oaklawn|RI|02877|Community Hospital|christ hospital ri,,unknown,False,1.5,False,{'value': False},,,,,,
rhode-island-hospital|providence|ri|02903|academic-medical-center|rhode-island-hospital,Rhode Island Hospital|Providence|RI|02903|Academic Medical Center|rhode island hospital,,unknown,False,1.5,False,{'value': False},,,,,,
miriam-hospital|providence|ri|02906|community-hospital|miriam-hospital,Miriam Hospital|Providence|RI|02906|Community Hospital|miriam hospital,,unknown,False,1.5,False,{'value': False},,,,,,
roger-williams-medical-center|providence|ri|02905|community-hospital|roger-williams,Roger Williams Medical Center|Providence|RI|02905|Community Hospital|roger williams,,unknown,False,1.5,False,{'value': False},,,,,,
bradford-regional-medical-center|bradford|pa|16701|community-hospital|bradford-regional,Bradford Regional Medical Center|Bradford|PA|16701|Community Hospital|bradford regional,,unknown,False,1.5,False,{'value': False},,,,,,
shadyside-hospital|pittsburgh|pa|15232|community-hospital|shadyside,Shadyside Hospital|Pittsburgh|PA|15232|Community Hospital|shadyside,,unknown,False,1.5,False,{'value': False},,,,,,
south-shore-hospital|weymouth|ma|02190|community-hospital|south-shore,South Shore Hospital|Weymouth|MA|02190|Community Hospital|south shore,,unknown,False,1.5,False,{'value': False},,,,,,
newton-wellesley-hospital|newton|ma|02462|community-hospital|newton-wellesley,Newton-Wellesley Hospital|Newton|MA|02462|Community Hospital|newton wellesley,,unknown,False,1.5,False,{'value': False},,,,,,
melrosewakefield-hospital|melrose|ma|02176|community-hospital|melrose-wakefield,MelroseWakefield Hospital|Melrose|MA|02176|Community Hospital|melrose wakefield,,unknown,False,1.5,False,{'value': False},,,,,,
mainegeneral-medical-center|augusta|me|04330|community-hospital|mainegeneral,MaineGeneral Medical Center|Augusta|ME|04330|Community Hospital|mainegeneral,,unknown,False,1.5,False,{'value': False},,,,,,
caryn-family-hospital|unknown|unknown|00000|community-hospital|caryn-family,Caryn Family Hospital|Unknown|Unknown|00000|Community Hospital|caryn family,,unknown,False,1.5,False,{'value': False},,,,,,
central-maine-medical-center|lewiston|me|04240|community-hospital|central-maine-medical,Central Maine Medical Center|Lewiston|ME|04240|Community Hospital|central maine medical,,unknown,False,1.5,False,{'value': False},,,,,,
st-joseph-hospital|nashua|nh|03060|community-hospital|st-joseph-nashua,St Joseph Hospital|Nashua|NH|03060|Community Hospital|st joseph nashua,,unknown,False,1.5,False,{'value': False},,,,,,
erlanger-health-system|chattanooga|tn|37432|academic-medical-center|erlanger,Erlanger Health System|Chattanooga|TN|37432|Academic Medical Center|erlanger,,unknown,False,1.5,False,{'value': False},,,,,,
vanderbilt-university-medical-center|nashville|tn|37232|academic-medical-center|vanderbilt,Vanderbilt University Medical Center|Nashville|TN|37232|Academic Medical Center|vanderbilt,,unknown,False,1.5,False,{'value': False},,,,,,
st-thomas-west-hospital|nashville|tn|37235|community-hospital|st-thomas-west,St Thomas West Hospital|Nashville|TN|37235|Community Hospital|st thomas west,,unknown,False,1.5,False,{'value': False},,,,,,
regional-one-health|memphis|tn|38103|academic-medical-center|regional-one,Regional One Health|Memphis|TN|38103|Academic Medical Center|regional one,,unknown,False,1.5,False,{'value': False},,,,,,
methodist-le-bonheur-healthcare|memphis|tn|38103|health-system|methodist,Methodist Le Bonheur Healthcare|Memphis|TN|38103|Health System|methodist,,unknown,False,1.5,False,{'value': False},,,,,,
saint-francis-hospital-and-medical-center|hartford|ct|06105|community-hospital|saint-francis,Saint Francis Hospital and Medical Center|Hartford|CT|06105|Community Hospital|saint francis,,unknown,False,1.5,False,{'value': False},,,,,,
ochsner-medical-center|new-orleans|la|70112|academic-medical-center|ochsner,Ochsner Medical Center|New Orleans|LA|70112|Academic Medical Center|ochsner,,unknown,False,1.5,False,{'value': False},,,,,,
tulane-medical-center|new-orleans|la|70112|academic-medical-center|tulane-medical,Tulane Medical Center|New Orleans|LA|70112|Academic Medical Center|tulane medical,,unknown,False,1.5,False,{'value': False},,,,,,
university-medical-center-new-orleans|new-orleans|la|70112|community-hospital|umc-new-orleans,University Medical Center New Orleans|New Orleans|LA|70112|Community Hospital|umc new orleans,,unknown,False,1.5,False,{'value': False},,,,,,
lsu-health-shreveport|shreveport|la|71103|academic-medical-center|lsu-shreveport,LSU Health Shreveport|Shreveport|LA|71103|Academic Medical Center|lsu shreveport,,unknown,False,1.5,False,{'value': False},,,,,,
st-tammany-parish-hospital|covington|la|70433|community-hospital|st-tammany,St. Tammany Parish Hospital|Covington|LA|70433|Community Hospital|st tammany,,unknown,False,1.5,False,{'value': False},,,,,,
our-lady-of-the-lake-regional-medical-center|baton-rouge|la|70806|academic-medical-center|our-lady-of-the-lake,Our Lady of the Lake Regional Medical Center|Baton Rouge|LA|70806|Academic Medical Center|our lady of the lake,,unknown,False,1.5,False,{'value': False},,,,,,
childrens-hospital-new-orleans|new-orleans|la|70112|pediatric-specialty-hospital|childrens-no,Children's Hospital New Orleans|New Orleans|LA|70112|Pediatric Specialty Hospital|childrens no,,unknown,False,1.5,False,{'value': False},,,,,,
methodist-hospital|jackson|ms|39216|community-hospital|methodist-jackson,Methodist Hospital|Jackson|MS|39216|Community Hospital|methodist jackson,,unknown,False,1.5,False,{'value': False},,,,,,
university-of-mississippi-medical-center|jackson|ms|39216|academic-medical-center|umc-jackson,University of Mississippi Medical Center|Jackson|MS|39216|Academic Medical Center|umc jackson,,unknown,False,1.5,False,{'value': False},,,,,,
baptist-memorial-hospital-tupelo|tupelo|ms|38804|community-hospital|baptist-tupelo,Baptist Memorial Hospital-Tupelo|Tupelo|MS|38804|Community Hospital|baptist tupelo,,unknown,False,1.5,False,{'value': False},,,,,,
st-dominic-jackson-memorial-hospital|jackson|ms|39216|community-hospital|st-dominic-jackson,St. Dominic-Jackson Memorial Hospital|Jackson|MS|39216|Community Hospital|st dominic jackson,,unknown,False,1.5,False,{'value': False},,,,,,
ochsner-lsu-health-shreveport|shreveport|la|71103|academic-medical-center|ochsner-shreveport,Ochsner LSU Health Shreveport|Shreveport|LA|71103|Academic Medical Center|ochsner shreveport,,unknown,False,1.5,False,{'value': False},,,,,,
froedtert-west-allis-hospital|west-allis|wi|53214|community-hospital|west-allis,Froedtert West Allis Hospital|West Allis|WI|53214|Community Hospital|west allis,,unknown,False,1.5,False,{'value': False},,,,,,
brown-university-hospital|providence|ri|02912|academic-medical-center|brown-university-hospital,Brown University Hospital|Providence|RI|02912|Academic Medical Center|brown university hospital,,unknown,False,1.5,False,{'value': False},,,,,,
hasbro-childrens-hospital|providence|ri|02903|pediatric-specialty-hospital|hasbro-childrens,Hasbro Children's Hospital|Providence|RI|02903|Pediatric Specialty Hospital|hasbro childrens,,unknown,False,1.5,False,{'value': False},,,,,,
texas-health-presbyterian-hospital-dallas|dallas|tx|75231|academic-medical-center|texas-health-dallas,Texas Health Presbyterian Hospital Dallas|Dallas|TX|75231|Academic Medical Center|texas health dallas,,unknown,False,1.5,False,{'value': False},,,,,,
parkland-health-and-hospital-system|dallas|tx|75204|community-hospital|parkland-dallas,Parkland Health & Hospital System|Dallas|TX|75204|Community Hospital|parkland dallas,,unknown,False,1.5,False,{'value': False},,,,,,
ut-southwestern-medical-center|dallas|tx|75390|academic-medical-center|utsw,UT Southwestern Medical Center|Dallas|TX|75390|Academic Medical Center|utsw,,unknown,False,1.5,False,{'value': False},,,,,,
st-davids-medical-center|austin|tx|78701|academic-medical-center|st-davids-austin,St. David's Medical Center|Austin|TX|78701|Academic Medical Center|st davids austin,,unknown,False,1.5,False,{'value': False},,,,,,
dell-seton-medical-center-at-the-university-of-texas|austin|tx|78701|academic-medical-center|dell-seton,Dell Seton Medical Center at The University of Texas|Austin|TX|78701|Academic Medical Center|dell seton,,unknown,False,1.5,False,{'value': False},,,,,,
baylor-scott-and-white-all-saints-medical-center|fort-worth|tx|76107|academic-medical-center|baylor-all-saints,Baylor Scott & White All Saints Medical Center|Fort Worth|TX|76107|Academic Medical Center|baylor all saints,,unknown,False,1.5,False,{'value': False},,,,,,
methodist-hospital-houston|houston|tx|77030|academic-medical-center|methodist-houston,Methodist Hospital Houston|Houston|TX|77030|Academic Medical Center|methodist houston,,unknown,False,1.5,False,{'value': False},,,,,,
st-lukes-health-baylor-st-lukes-medical-center|houston|tx|77030|academic-medical-center|baylor-st-lukes,St Luke's Health-Baylor St Luke's Medical Center|Houston|TX|77030|Academic Medical Center|baylor st lukes,,unknown,False,1.5,False,{'value': False},,,,,,
christus-santa-rosa-hospital|san-antonio|tx|78207|community-hospital|christus-santa-rosa,Christus Santa Rosa Hospital|San Antonio|TX|78207|Community Hospital|christus santa rosa,,unknown,False,1.5,False,{'value': False},,,,,,
university-health-system|san-antonio|tx|78229|community-hospital|university-health-san-antonio,University Health System|San Antonio|TX|78229|Community Hospital|university health san antonio,,unknown,False,1.5,False,{'value': False},,,,,,
university-medical-center-of-el-paso|el-paso|tx|79902|academic-medical-center|umc-el-paso,University Medical Center of El Paso|El Paso|TX|79902|Academic Medical Center|umc el paso,,unknown,False,1.5,False,{'value': False},,,,,,
university-of-utah-health|salt-lake-city|ut|84132|academic-medical-center|university-of-utah,University of Utah Health|Salt Lake City|UT|84132|Academic Medical Center|university of utah,,unknown,False,1.5,False,{'value': False},,,,,,
intermountain-medical-center|murray|ut|84107|academic-medical-center|intermountain,Intermountain Medical Center|Murray|UT|84107|Academic Medical Center|intermountain,,unknown,False,1.5,False,{'value': False},,,,,,
st-marks-hospital|salt-lake-city|ut|84117|community-hospital|st-marks-salt-lake,St. Mark's Hospital|Salt Lake City|UT|84117|Community Hospital|st marks salt lake,,unknown,False,1.5,False,{'value': False},,,,,,
porter-adventist-hospital|westminster|co|80031|community-hospital|porter-adventist,Porter Adventist Hospital|Westminster|CO|80031|Community Hospital|porter adventist,,unknown,False,1.5,False,{'value': False},,,,,,
scl-health-good-samaritan-medical-center|lafayette|co|80026|community-hospital|good-samaritan-lafayette,SCL Health Good Samaritan Medical Center|Lafayette|CO|80026|Community Hospital|good samaritan lafayette,,unknown,False,1.5,False,{'value': False},,,,,,
keystone-hospital|unknown|pa|00000|community-hospital|keystone-hospital,Keystone Hospital|Unknown|PA|00000|Community Hospital|keystone hospital,,unknown,False,1.5,False,{'value': False},,,,,,
community-regional-medical-center|fresno|ca|93721|academic-medical-center|community-regional-fresno,Community Regional Medical Center|Fresno|CA|93721|Academic Medical Center|community regional fresno,,unknown,False,1.5,False,{'value': False},,,,,,
kaweah-delta-medical-center|visalia|ca|93291|academic-medical-center|kaweah-delta,Kaweah Delta Medical Center|Visalia|CA|93291|Academic Medical Center|kaweah delta,,unknown,False,1.5,False,{'value': False},,,,,,
fresno-heart-and-surgical-hospital|fresno|ca|93711|specialty-hospital|fresno-heart,Fresno Heart and Surgical Hospital|Fresno|CA|93711|Specialty Hospital|fresno heart,,unknown,False,1.5,False,{'value': False},,,,,,
ucsf-medical-center|san-francisco|ca|94143|academic-medical-center|ucsf,UCSF Medical Center|San Francisco|CA|94143|Academic Medical Center|ucsf,,unknown,False,1.5,False,{'value': False},,,,,,
zuckerberg-san-francisco-general-hospital|san-francisco|ca|94110|community-hospital|sfgeneral,Zuckerberg San Francisco General Hospital|San Francisco|CA|94110|Community Hospital|sfgeneral,,unknown,False,1.5,False,{'value': False},,,,,,
stanford-health-care-stanford-hospital|stanford|ca|94305|academic-medical-center|stanford-health,Stanford Health Care-Stanford Hospital|Stanford|CA|94305|Academic Medical Center|stanford health,,unknown,False,1.5,False,{'value': False},,,,,,
highland-hospital|oakland|ca|94602|community-hospital|highland-oakland,Highland Hospital|Oakland|CA|94602|Community Hospital|highland oakland,,unknown,False,1.5,False,{'value': False},,,,,,
alta-bates-summit-medical-center|berkeley|ca|94704|community-hospital|alta-bates,Alta Bates Summit Medical Center|Berkeley|CA|94704|Community Hospital|alta bates,,unknown,False,1.5,False,{'value': False},,,,,,
kaiser-permanente-san-francisco-medical-center|san-francisco|ca|94134|health-system|kaiser-sf,Kaiser Permanente San Francisco Medical Center|San Francisco|CA|94134|Health System|kaiser sf,,unknown,False,1.5,False,{'value': False},,,,,,
kaiser-permanente-oakland-medical-center|oakland|ca|94612|health-system|kaiser-oakland,Kaiser Permanente Oakland Medical Center|Oakland|CA|94612|Health System|kaiser oakland,,unknown,False,1.5,False,{'value': False},,,,,,
sutter-medical-center-sacramento|sacramento|ca|95817|academic-medical-center|sutter-sacramento,Sutter Medical Center Sacramento|Sacramento|CA|95817|Academic Medical Center|sutter sacramento,,unknown,False,1.5,False,{'value': False},,,,,,
uc-davis-medical-center|sacramento|ca|95817|academic-medical-center|uc-davis,UC Davis Medical Center|Sacramento|CA|95817|Academic Medical Center|uc davis,,unknown,False,1.5,False,{'value': False},,,,,,
rady-childrens-hospital-san-diego|san-diego|ca|92123|pediatric-specialty-hospital|rady-childrens,Rady Children's Hospital-San Diego|San Diego|CA|92123|Pediatric Specialty Hospital|rady childrens,,unknown,False,1.5,False,{'value': False},,,,,,
scripps-la-jolla-hospitals|la-jolla|ca|92037|academic-medical-center|scripps-la-jolla,Scripps La Jolla Hospitals|La Jolla|CA|92037|Academic Medical Center|scripps la jolla,,unknown,False,1.5,False,{'value': False},,,,,,
riverside-university-health-system-medical-center|riverside|ca|92503|academic-medical-center|riverside-university,Riverside University Health System Medical Center|Riverside|CA|92503|Academic Medical Center|riverside university,,unknown,False,1.5,False,{'value': False},,,,,,
community-hospital-of-long-beach|long-beach|ca|90806|community-hospital|community-long-beach,Community Hospital of Long Beach|Long Beach|CA|90806|Community Hospital|community long beach,,unknown,False,1.5,False,{'value': False},,,,,,
st-joseph-hospital-orange|orange|ca|92868|community-hospital|st-joseph-orange,St Joseph Hospital Orange|Orange|CA|92868|Community Hospital|st joseph orange,,unknown,False,1.5,False,{'value': False},,,,,,
hoag-memorial-hospital-presbyterian|newport-beach|ca|92663|academic-medical-center|hoag,Hoag Memorial Hospital Presbyterian|Newport Beach|CA|92663|Academic Medical Center|hoag,,unknown,False,1.5,False,{'value': False},,,,,,
sharp-memorial-hospital|san-diego|ca|92123|academic-medical-center|sharp-memorial,Sharp Memorial Hospital|San Diego|CA|92123|Academic Medical Center|sharp memorial,,unknown,False,1.5,False,{'value': False},,,,,,
loma-linda-university-medical-center|loma-linda|ca|92354|academic-medical-center|loma-linda,Loma Linda University Medical Center|Loma Linda|CA|92354|Academic Medical Center|loma linda,,unknown,False,1.5,False,{'value': False},,,,,,
adventist-health-white-memorial|los-angeles|ca|90033|community-hospital|adventist-white-memorial,Adventist Health White Memorial|Los Angeles|CA|90033|Community Hospital|adventist white memorial,,unknown,False,1.5,False,{'value': False},,,,,,
cedars-sinai-medical-center|los-angeles|ca|90048|academic-medical-center|cedars-sinai,Cedars-Sinai Medical Center|Los Angeles|CA|90048|Academic Medical Center|cedars sinai,,unknown,False,1.5,False,{'value': False},,,,,,
ucla-medical-center|los-angeles|ca|90095|academic-medical-center|ucla,UCLA Medical Center|Los Angeles|CA|90095|Academic Medical Center|ucla,,unknown,False,1.5,False,{'value': False},,,,,,
ronald-reagan-ucla-medical-center|los-angeles|ca|90095|academic-medical-center|rr-ucla,Ronald Reagan UCLA Medical Center|Los Angeles|CA|90095|Academic Medical Center|rr ucla,,unknown,False,1.5,False,{'value': False},,,,,,
keck-hospital-of-usc|los-angeles|ca|90033|academic-medical-center|keck-usc,Keck Hospital of USC|Los Angeles|CA|90033|Academic Medical Center|keck usc,,unknown,False,1.5,False,{'value': False},,,,,,
huntington-hospital|pasadena|ca|91105|community-hospital|huntington-hospital,Huntington Hospital|Pasadena|CA|91105|Community Hospital|huntington hospital,,unknown,False,1.5,False,{'value': False},,,,,,
long-beach-memorial-medical-center|long-beach|ca|90806|academic-medical-center|long-beach-memorial,Long Beach Memorial Medical Center|Long Beach|CA|90806|Academic Medical Center|long beach memorial,,unknown,False,1.5,False,{'value': False},,,,,,
st-joseph-hospital-eureka|eureka|ca|95501|community-hospital|st-joseph-eureka,St Joseph Hospital Eureka|Eureka|CA|95501|Community Hospital|st joseph eureka,,unknown,False,1.5,False,{'value': False},,,,,,
mercy-medical-center-redding|redding|ca|96001|community-hospital|mercy-redding,Mercy Medical Center Redding|Redding|CA|96001|Community Hospital|mercy redding,,unknown,False,1.5,False,{'value': False},,,,,,
mercy-medical-center-merced|merced|ca|95340|community-hospital|mercy-merced,Mercy Medical Center Merced|Merced|CA|95340|Community Hospital|mercy merced,,unknown,False,1.5,False,{'value': False},,,,,,
sutter-health-memorial-medical-center|modesto|ca|95350|community-hospital|sutter-modesto,Sutter Health Memorial Medical Center|Modesto|CA|95350|Community Hospital|sutter modesto,,unknown,False,1.5,False,{'value': False},,,,,,
stockton-medical-center|stockton|ca|95219|community-hospital|stockton-medical,Stockton Medical Center|Stockton|CA|95219|Community Hospital|stockton medical,,unknown,False,1.5,False,{'value': False},,,,,,
kaiser-permanente-fontana-medical-center|fontana|ca|92335|health-system|kaiser-fontana,Kaiser Permanente Fontana Medical Center|Fontana|CA|92335|Health System|kaiser fontana,,unknown,False,1.5,False,{'value': False},,,,,,
arrowhead-regional-medical-center|colton|ca|92324|academic-medical-center|arrowhead-regional,Arrowhead Regional Medical Center|Colton|CA|92324|Academic Medical Center|arrowhead regional,,unknown,False,1.5,False,{'value': False},,,,,,
riverside-community-hospital|riverside|ca|92503|community-hospital|riverside-community,Riverside Community Hospital|Riverside|CA|92503|Community Hospital|riverside community,,unknown,False,1.5,False,{'value': False},,,,,,
st-johns-regional-medical-center|ofallon|mo|63366|community-hospital|st-johns-ofallon,St. John's Regional Medical Center|O'Fallon|MO|63366|Community Hospital|st johns ofallon,,unknown,False,1.5,False,{'value': False},,,,,,
barnes-jewish-hospital|st-louis|mo|63110|academic-medical-center|barnes-jewish,Barnes-Jewish Hospital|St Louis|MO|63110|Academic Medical Center|barnes jewish,,unknown,False,1.5,False,{'value': False},,,,,,
st-louis-university-hospital|st-louis|mo|63104|academic-medical-center|slu-hospital,St. Louis University Hospital|St Louis|MO|63104|Academic Medical Center|slu hospital,,unknown,False,1.5,False,{'value': False},,,,,,
mercy-hospital-springfield|springfield|mo|65804|community-hospital|mercy-springfield,Mercy Hospital Springfield|Springfield|MO|65804|Community Hospital|mercy springfield,,unknown,False,1.5,False,{'value': False},,,,,,
research-medical-center|kansas-city|mo|64110|academic-medical-center|research-mc,Research Medical Center|Kansas City|MO|64110|Academic Medical Center|research mc,,unknown,False,1.5,False,{'value': False},,,,,,
university-of-kansas-health-system|kansas-city|ks|66160|academic-medical-center|kuhs,University of Kansas Health System|Kansas City|KS|66160|Academic Medical Center|kuhs,,unknown,False,1.5,False,{'value': False},,,,,,
saint-lukes-hospital|kansas-city|mo|64111|academic-medical-center|saint-lukes-kc,Saint Luke's Hospital|Kansas City|MO|64111|Academic Medical Center|saint lukes kc,,unknown,False,1.5,False,{'value': False},,,,,,
saint-lukes-east-hospital|lees-summit|mo|64063|community-hospital|saint-lukes-east,Saint Luke's East Hospital|Lee's Summit|MO|64063|Community Hospital|saint lukes east,,unknown,False,1.5,False,{'value': False},,,,,,
southeasthealth|cape-girardeau|mo|63703|community-hospital|southeast-health,SoutheastHEALTH|Cape Girardeau|MO|63703|Community Hospital|southeast health,,unknown,False,1.5,False,{'value': False},,,,,,
mercy-hospital-st-louis|creve-coeur|mo|63141|academic-medical-center|mercy-st-louis,Mercy Hospital St Louis|Creve Coeur|MO|63141|Academic Medical Center|mercy st louis,,unknown,False,1.5,False,{'value': False},,,,,,
methodist-hospital-of-indiana|indianapolis|in|46202|academic-medical-center|methodist-indiana,Methodist Hospital of Indiana|Indianapolis|IN|46202|Academic Medical Center|methodist indiana,,unknown,False,1.5,False,{'value': False},,,,,,
indiana-university-health-methodist-hospital|indianapolis|in|46202|academic-medical-center|iu-health-methodist,Indiana University Health Methodist Hospital|Indianapolis|IN|46202|Academic Medical Center|iu health methodist,,unknown,False,1.5,False,{'value': False},,,,,,
iu-health-university-hospital|indianapolis|in|46202|academic-medical-center|iu-health-university,IU Health University Hospital|Indianapolis|IN|46202|Academic Medical Center|iu health university,,unknown,False,1.5,False,{'value': False},,,,,,
eskenazi-health-center|indianapolis|in|46202|community-hospital|eskenazi,Eskenazi Health Center|Indianapolis|IN|46202|Community Hospital|eskenazi,,unknown,False,1.5,False,{'value': False},,,,,,
st-vincent-indianapolis-hospital|indianapolis|in|46227|community-hospital|st-vincent-indy,St. Vincent Indianapolis Hospital|Indianapolis|IN|46227|Community Hospital|st vincent indy,,unknown,False,1.5,False,{'value': False},,,,,,
